Member,Number,State,City,Street,ZIP Code,,,
John_Doe@gmail.com,1,United Kingdom,London,Oxford Street 35,98686,,,
Jane.Doe@outlook.com,1,Romania,Bucharest,Strada Ion Luca Caragiale 22,98111,,,
Michael_Smith@yahoo.com,1,Singapore,Singapore,Orchard Road 14,90867,,,
Emily.Johnson@gmail.com,1,Germany,Berlin,Kurf?rstendamm 25,92718,,,
David_Williams@outlook.com,1,Brazil,Brazilia,Avenida das Na??es 12,95869,,,
Samantha.Jones@yahoo.com,1,Venezuela,Caracas,Avenida Urdaneta 59,98676,,,
Christopher_Brown@gmail.com,1,Ecuador,Quito,Calle Amazonas 1,93408,,,
Rachel.Davis@outlook.com,1,Israel,Jeruzalem,King David Street 83,95429,,,
James_Garcia@yahoo.com,1,Italy,Rome,Via del Corso 15,94065,,,
Olivia.Miller@gmail.com,1,Spain,Madrid,Calle Gran V?a 77,93731,,,
Robert_Taylor@outlook.com,1,Philippines,Manila,Ayala Avenue 43,94356,,,
Abigail.Wilson@yahoo.com,1,Czech Republic,Prague,Wenceslas Square 18,99370,,,
William_Moore@gmail.com,1,Seychelles,Victoria,Government Street 68,96819,,,
Elizabeth.Anderson@outlook.com,1,United States,Washington D.C,Pennsylvania Avenue 12,96165,,,
Joseph_Thomas@yahoo.com,1,South Korea,Seoul,Myeong-dong 50,90362,,,
Sarah.Jackson@gmail.com,1,Jordan,Amman,King Abdullah II Street 8,90437,,,
Charles_White@outlook.com,1,Poland,Warsaw,Marsza?kowska Street 90,98441,,,
Madison.Harris@yahoo.com,1,Spain,Madrid,Gran V?a 75,95117,,,
George_Martin@gmail.com,1,Chile,Cantiago,Avenida Libertador General Bernardo O'Higgins 59,98231,,,
Emily.Thompson@outlook.com,1,Bulgaria,Sofia,Vitosha Boulevard 73,99599,,,
Richard_Gonzalez@yahoo.com,1,India,New Delhi,Connaught Place 51,99959,,,
Abigail.Clark@gmail.com,1,Bahamas,Nassau,Bay Street 22,95944,,,
David_Lewis@outlook.com,1,Russia,Moscow,Tverskaya Street 56,92170,,,
Rachel.Robinson@yahoo.com,1,Hungary,Budapest,Andr?ssy Avenue 8,97109,,,
John_Walker@gmail.com,1,Austria,Vienna,Ringstra?e 89,98666,,,
Jane.Perez@outlook.com,1,Spain,Madrid,Gran V?a 64,99384,,,
Michael_Hall@yahoo.com,1,India,New Delhi,Connaught Place 10,91618,,,
Emily.Young@gmail.com,1,Seychelles,Victoria,Government Street 35,95557,,,
David_Allen@outlook.com,1,Sri Lanka,Colombo,Galle Road 61,99348,,,
Samantha.King@yahoo.com,1,Seychelles,Victoria,Government Street 76,99874,,,
Christopher_Wright@gmail.com,1,Finland,Helsinki,Mannerheimintie 14,94103,,,
Rachel.Scott@outlook.com,1,Poland,Warsaw,Marsza?kowska Street 33,93810,,,
James_Green@yahoo.com,1,Denmark,Copenhagen,Str?get 26,99550,,,
Olivia.Baker@gmail.com,1,Switzerland,Bern,Kramgasse 5,99094,,,
Robert_Adams@outlook.com,1,Sweden,Stockholm,Drottninggatan 59,99903,,,
Abigail.Gonzalez@yahoo.com,1,Thailand,Bangkok,Sukhumvit Road 92,97311,,,
William_Nelson@gmail.com,1,Brazil,Bras?lia,Avenida das Na??es 8,97374,,,
Elizabeth.Carter@outlook.com,1,Bulgaria,Sofia,Vitosha Boulevard 57,94302,,,
Joseph_Mitchell@yahoo.com,1,Argentina,Buenos Aires,Florida Street 28,95663,,,
Sarah.Peters@gmail.com,1,Israel,Jerusalem,King David Street 43,93628,,,
Charles_Roberts@outlook.com,1,China,Tokyo,Ginza 89,96246,,,
Madison.Turner@yahoo.com,1,Greece,Athens,Syntagma Square 13,95352,,,
George_Phillips@gmail.com,1,Egypt,Cairo,Tahrir Square 45,92154,,,
Emily.Campbell@outlook.com,1,Seychelles,Victoria,Government Street 78,90512,,,
Richard_Parker@yahoo.com,1,Bahamas,Nassau,Bay Street 32,95646,,,
Abigail.Evans@gmail.com,1,Venezuela,Caracas,Avenida Urdaneta 64,98218,,,
David_Edwards@outlook.com,1,Romania,Bucharest,Strada Ion Luca Caragiale 20,92184,,,
Rachel.Collins@yahoo.com,1,Israel,Jerusalem,King David Street 41,97635,,,
John_Stewart@gmail.com,1,Poland,Warsaw,Marsza?kowska Street 17,96322,,,
Jane.Sanchez@outlook.com,1,Norway,Oslo,Karl Johans gate 25,94498,,,
Michael_Morris@yahoo.com,1,South Africa,Pretoria,Church Street 63,98405,,,
Emily.Rogers@gmail.com,1,Singapore,Singapore,Orchard Road 8,99856,,,
David_Reed@outlook.com,1,Jersey,Saint Helier,King Street 49,98883,,,
Samantha.Cook@yahoo.com,1,Greece,Athens,Syntagma Square 94,91239,,,
Christopher_Morgan@gmail.com,1,Brazil,Bras?lia,Avenida das Na??es 55,93241,,,
Rachel.Bell@outlook.com,1,Denmark,Copenhagen,Str?get 12,94664,,,
James_Murphy@yahoo.com,1,India,New Delhi,Connaught Place 36,97907,,,
Olivia.Bailey@gmail.com,1,Sweden,Stockholm,Drottninggatan 62,95043,,,
Robert_Rivera@outlook.com,1,Ukraine,Kyiv,Khreschatyk Street 71,92913,,,
Abigail.Cooper@yahoo.com,1,Mexico,Mexico City,Avenida Reforma 24,98263,,,
William_Richardson@gmail.com,1,Austria,Vienna,Ringstra?e 10,95401,,,
Elizabeth.Cox@outlook.com,1,Israel,Jerusalem,King David Street 65,95871,,,
Joseph_Howard@yahoo.com,1,Russia,Moscow,Tverskaya Street 8,95655,,,
Sarah.Ward@gmail.com,1,Switzerland,Bern,Kramgasse 22,93724,,,
Charles_Torres@outlook.com,1,Turkey,Ankara,Atat?rk Boulevard 69,98150,,,
George_Davis@gmail.com,1,China,Beijing,Wangfujing Street 87,96741,,,
Emily.Miller@outlook.com,1,Jordan,Amman,King Abdullah II Street 18,96829,,,
Richard_Wilson@yahoo.com,1,Switzerland,Bern,Kramgasse 43,93209,,,
Abigail.Moore@gmail.com,1,Israel,Jerusalem,King David Street 20,93948,,,
David_Taylor@outlook.com,1,Belize,Belmopan,Constitution Drive 7,94616,,,
Rachel.Anderson@yahoo.com,1,Norway,Oslo,Karl Johans gate 36,99264,,,
John_Thomas@gmail.com,1,Serbia,Belgrade,Kneza Milo?a Street 92,91539,,,
Jane.Jackson@outlook.com,1,United Kingdom,London,Oxford Street 51,92130,,,
Michael_White@yahoo.com,1,Singapore,Singapore,Orchard Road 64,98419,,,
Emily.Harris@gmail.com,1,Belgium,Brussels,Grand Place 8,95254,,,
David_Martin@outlook.com,1,Greece,Athens,Syntagma Square 10,92719,,,
Samantha.Thompson@yahoo.com,1,Norway,Oslo,Karl Johans gate 76,99900,,,
Christopher_Gonzalez@gmail.com,1,Seychelles,Victoria,Government Street 22,98205,,,
Rachel.Clark@outlook.com,1,Argentina,Buenos Aires,Florida Street 65,92211,,,
James_Lewis@yahoo.com,1,Jordan,Amman,King Abdullah II Street 29,97522,,,
Olivia.Robinson@gmail.com,1,Switzerland,Bern,Kramgasse 18,94143,,,
Robert_Walker@outlook.com,1,Venezuela,Caracas,Avenida Urdaneta 12,91396,,,
Abigail.Perez@yahoo.com,1,Ireland,Dublin,O'Connell Street 59,95322,,,
William_Hall@gmail.com,1,Czech Republic,Prague,Wenceslas Square 21,96411,,,
Elizabeth.Young@outlook.com,1,South Africa,Pretoria,Church Street 73,93515,,,
Joseph_Allen@yahoo.com,1,Belgium,Brussels,Grand Place 89,91382,,,
Sarah.King@gmail.com,1,Turkey,Ankara,Atat?rk Boulevard 43,92133,,,
Charles_Wright@outlook.com,1,Mexico,Mexico City,Avenida Reforma 35,94485,,,
Madison.Scott@yahoo.com,1,Austria,Vienna,Ringstra?e 28,92065,,,
George_Green@gmail.com,1,Hungary,Budapest,Andr?ssy Avenue 73,98759,,,
Emily.Baker@outlook.com,1,Mexico,Mexico City,Avenida Reforma 50,95409,,,
Richard_Adams@yahoo.com,1,Switzerland,Bern,Kramgasse 62,96235,,,
Abigail.Gonzalez@gmail.com,1,Finland,Helsinki,Mannerheimintie 15,97972,,,
David_Nelson@outlook.com,1,China,Beijing,Wangfujing Street 9,93718,,,
Rachel.Carter@yahoo.com,1,South Korea,Seoul,Myeong-dong 38,98621,,,
John_Mitchell@gmail.com,1,Seychelles,Victoria,Government Street 75,97208,,,
Jane.Peters@outlook.com,1,India,New Delhi,Connaught Place 29,95509,,,
Michael_Roberts@yahoo.com,1,Argentina,Buenos Aires,Florida Street 12,90868,,,
Emily.Turner@gmail.com,1,Australia,Canberra,Commonwealth Avenue 51,91134,,,
David_Phillips@outlook.com,1,United Kingdom,London,Oxford Street 7,94936,,,
Samantha.Campbell@yahoo.com,1,Singapore,Singapore,Orchard Road 54,98297,,,
Christopher_Parker@gmail.com,1,Seychelles,Victoria,Government Street 65,97720,,,
Rachel.Evans@outlook.com,1,Poland,Warsaw,Marsza?kowska Street 30,93920,,,
James_Edwards@yahoo.com,1,Bolivia,La Paz,Calle Illampu 8,90755,,,
Olivia.Collins@gmail.com,1,Turkey,Ankara,Atat?rk Boulevard 89,91207,,,
Robert_Stewart@outlook.com,1,Jordan,Amman,King Abdullah II Street 43,90426,,,
Abigail.Sanchez@yahoo.com,1,Brazil,Bras?lia,Avenida das Na??es 15,91291,,,
William_Morris@gmail.com,1,Ecuador,Quito,Calle Amazonas 62,98436,,,
Elizabeth.Rogers@outlook.com,1,Seychelles,Victoria,Government Street 36,90984,,,
Joseph_Reed@yahoo.com,1,Bahamas,Nassau,Bay Street 28,90040,,,
Sarah.Cook@gmail.com,1,Colombia,Bogot?,Calle 7 51,92146,,,
Charles_Morgan@outlook.com,1,Turkey,Ankara,Atat?rk Boulevard 43,95394,,,
Madison.Bell@yahoo.com,1,Ecuador,Quito,Calle Amazonas 8,99878,,,
George_Murphy@gmail.com,1,Thailand,Bangkok,Sukhumvit Road 25,93472,,,
Emily.Bailey@outlook.com,1,Turkey,Ankara,Atat?rk Boulevard 75,99855,,,
Richard_Rivera@yahoo.com,1,Brazil,Bras?lia,Avenida das Na??es 10,94619,,,
Abigail.Cooper@gmail.com,1,Qatar,Doha,Doha 62,99521,,,
David_Richardson@outlook.com,1,Spain,Madrid,Gran V?a 15,94890,,,
Rachel.Cox@yahoo.com,1,Belgium,Brussels,Grand Place 8,91565,,,
John_Howard@gmail.com,1,Mexico,Mexico City,Avenida Reforma 49,99212,,,
Jane.Ward@outlook.com,1,Belgium,Brussels,Grand Place 65,99586,,,
Michael_Torres@yahoo.com,1,Ireland,Dublin,O'Connell Street 73,99489,,,
Emily.Peterson@gmail.com,1,Brazil,Bras?lia,Avenida das Na??es 22,98620,,,
David_Gray@outlook.com,1,Australia,Canberra,Commonwealth Avenue 54,99386,,,
Samantha.Price@yahoo.com,1,Bahamas,Nassau,Bay Street 8,99870,,,
Christopher_Bryant@gmail.com,1,Spain,Madrid,Calle Gran V?a 15,96945,,,
Rachel.Mason@outlook.com,1,Austria,Vienna,Ringstra?e 50,90806,,,
James_Barnes@yahoo.com,1,Romania,Bucharest,Strada Ion Luca Caragiale 13,98459,,,
Olivia.Olsen@gmail.com,1,Jordan,Amman,King Abdullah II Street 67,93816,,,
Robert_Perkins@outlook.com,1,Peru,Lima,Jir?n de la Uni?n 89,97196,,,
Abigail.Hansen@yahoo.com,1,Czech Republic,Prague,Wenceslas Square 92,98437,,,
William_Fernandez@gmail.com,1,South Korea,Seoul,Myeong-dong 16,95646,,,
Elizabeth.Hartman@outlook.com,1,France,Paris,Champs-?lys?es 38,94430,,,
Joseph_McDonald@yahoo.com,1,Ireland,Dublin,O'Connell Street 16,97864,,,
Sarah.Rios@gmail.com,1,Bolivia,La Paz,Calle Illampu 98,94704,,,
Charles_Butler@outlook.com,1,South Africa,Johannesburg,Commissioner Street 78,99476,,,
Madison.Black@yahoo.com,1,Bahamas,Nassau,Bay Street 19,97653,,,
George_Watkins@gmail.com,1,Ukraine,Kiev,Khreschatyk Street 21,90894,,,
Emily.Sims@outlook.com,1,Canada,Toronto,Yonge Street 74,94963,,,
Richard_Barron@yahoo.com,1,Sri Lanka,Colombo,Galle Road 30,96175,,,
Abigail.Arroyo@gmail.com,1,Spain,Madrid,Gran Via 67,95240,,,
David_Pena@outlook.com,1,United States,New York,Fifth Avenue 84,99775,,,
Rachel.Brady@yahoo.com,1,Netherlands,Amsterdam,Damrak 89,91057,,,
John_Brock@gmail.com,1,Morocco,Marrakesh,Jamaa el Fna Square 1,91444,,,
Jane.Bautista@outlook.com,1,Serbia,Belgrade,Kneza Milo?a Street 12,93904,,,
Michael_Blevins@yahoo.com,1,Colombia,Bogot?,Calle 26,91882,,,
Emily.Buchanan@gmail.com,1,Bolivia,La Paz,Calle Illampu 20,90391,,,
David_Buckley@outlook.com,1,United States,Los Angeles,Hollywood Boulevard 19,90388,,,
Samantha.Buckner@yahoo.com,1,Japan,Tokyo,Ginza 31,98780,,,
Christopher_Buck@gmail.com,1,Chile,Santiago,Avenida Apoquindo 30,92170,,,
Rachel.Bui@outlook.com,1,Ecuador,Quito,Calle Amazonas 21,91540,,,
James_Burch@yahoo.com,1,Netherlands,Rotterdam,Coolsingel 32,94097,,,
Olivia.Burke@gmail.com,1,Romania,Bucharest,Strada Ion Luca Caragiale 2,95491,,,
Robert_Burns@outlook.com,1,Belize,Belize City,Princess Margaret Drive 97,91382,,,
Abigail.Burton@yahoo.com,1,Turkey,Istanbul,Istiklal Avenue 96,91759,,,
William_Bush@gmail.com,1,Egypt,Cairo,Tahrir Square 88,91120,,,
Elizabeth.Butler@outlook.com,1,Greece,Athens,Syntagma Square 87,93477,,,
Joseph_Byrd@yahoo.com,1,Serbia,Novi Sad,Trg Slobode 29,98991,,,
Sarah.Cabrera@gmail.com,1,Finland,Helsinki,Mannerheimintie 77,98019,,,
Charles_Cain@outlook.com,1,India,Mumbai,Chhatrapati Shivaji Terminus 2,99679,,,
Madison.Calderon@yahoo.com,1,Canada,Vancouver,Robson Street 30,92590,,,
George_Caldwell@gmail.com,1,Croatia,Zagreb,Ilica Street 29,92727,,,
Emily.Calhoun@outlook.com,1,Belize,San Pedro,Calle Hidalgo 86,99383,,,
Richard_Callahan@yahoo.com,1,Turkey,Ankara,Atat?rk Boulevard 95,94084,,,
Abigail.Camacho@gmail.com,1,Vietnam,Hanoi,Dong Khoi Street 18,93489,,,
David_Cameron@outlook.com,1,Australia,Sydney,Pitt Street 85,98595,,,
Rachel.Campos@yahoo.com,1,Germany,Berlin,Kurf?rstendamm 5,91176,,,
John_Cantrell@gmail.com,1,United Kingdom,London,Oxford Street 31,95353,,,
Jane.Cantu@outlook.com,1,Poland,Warsaw,Marsza?kowska Street 94,93925,,,
Michael_Cardenas@yahoo.com,1,Vietnam,Ho Chi Minh City,Dong Khoi Street 45,92136,,,
Emily.Carey@gmail.com,1,Ukraine,Odessa,Deribasovskaya Street 89,90854,,,
David_Carlson@outlook.com,1,Colombia,Medell?n,Carrera 70,94434,,,
Samantha.Carney@yahoo.com,1,Italy,Rome,Via del Corso 32,98071,,,
Christopher_Carpenter@gmail.com,1,Brazil,Rio de Janeiro,Avenida Presidente Vargas 7,90369,,,
Rachel.Carr@outlook.com,1,Portugal,Lisbon,Rua Augusta 33,97681,,,
James_Carrillo@yahoo.com,1,Morocco,Casablanca,Hassan II Avenue 34,99931,,,
Olivia.Carroll@gmail.com,1,Bulgaria,Sofia,Vitosha Boulevard 93,98549,,,
Robert_Carson@outlook.com,1,Bulgaria,Plovdiv,Tsar Simeon Street 28,98654,,,
Abigail.Carter@yahoo.com,1,Brazil,Bras?lia,Avenida das Na??es 35,97961,,,
William_Casey@gmail.com,1,South Korea,Busan,Gwangbok-ro Street 90,98626,,,
Elizabeth.Cash@outlook.com,1,Colombia,Cali,Calle 3 91,97864,,,
Joseph_Castillo@yahoo.com,1,Seychelles,Victoria,Government Street 36,90228,,,
Sarah.Castro@gmail.com,1,Egypt,Luxor,Luxor Temple 9,95417,,,
Charles_Cervantes@outlook.com,1,United States,Chicago,Michigan Avenue 17,92482,,,
Madison.Chambers@yahoo.com,1,Ukraine,Dnipro,Soborna Square 37,94260,,,
George_Chandler@gmail.com,1,Jordan,Amman,Al-Malek Al-Hussein Street 56,91474,,,
Emily.Chapman@outlook.com,1,Morocco,Tangier,Boulevard Mohamed V 92,94593,,,
Richard_Charles@yahoo.com,1,United States,San Francisco,Market Street 58,91047,,,
Abigail.Chavez@gmail.com,1,South Korea,Daegu,Chilseongno Street 16,93561,,,
David_Chen@outlook.com,1,Venezuela,Caracas,Avenida Libertador 59,93927,,,
Rachel.Chery@yahoo.com,1,Belize,Belmopan,Princess Margaret Drive 1,94091,,,
John_Cheung@gmail.com,1,Ireland,Cork,St. Patrick's Street 14,97384,,,
Jane.Childers@outlook.com,1,France,Marseille,La Canebi?re 1,90067,,,
Michael_Chung@yahoo.com,1,Egypt,Alexandria,Mahmoud Said Street 2,98758,,,
Emily.Church@gmail.com,1,Colombia,Cartagena,Calle de la Universidad 10,98336,,,
David_Clark@outlook.com,1,Belgium,Brussels,Avenue Louise 3,93460,,,
Samantha.Clarke@yahoo.com,1,Switzerland,Geneva,Rue du Rh?ne 60,91516,,,
Christopher_Clay@gmail.com,1,Brazil,Belo Horizonte,Avenida Afonso Pena 61,93750,,,
Rachel.Clayton@outlook.com,1,United States,Dallas,Elm Street 13,91669,,,
Sara.Ramirez23@gmail.com,1,Chile,Valpara?so,Avenue Ecuador 77,92771,,,
Joseph_Thomas@yahoo.com,2,Ireland,Galway,Shop Street 62,90124,,,
Abigail.Chavez@gmail.com,2,Japan,Osaka,Dotonbori 76,91579,,,
Richard_Gonzalez@yahoo.com,2,Spain,Barcelona,La Rambla 27,93649,,,
Samantha.Cook@yahoo.com,2,Thailand,Bangkok,Sukhumvit Road 4,95433,,,
Rachel.Carter@yahoo.com,2,Bahamas,Freeport,East Mall Drive 12,91860,,,
David_Reed@outlook.com,2,Qatar,Doha,Corniche 5,99491,,,
Christopher_Clay@gmail.com,2,Philippines,Manila,Ayala Avenue 8,98517,,,
Michael_Cardenas@yahoo.com,2,Brazil,Porto Alegre,Avenida Osvaldo Aranha 11,99095,,,
Michael_Smith@yahoo.com,2,Philippines,Cebu,Mango Avenue 75,95234,,,
John_Stewart@gmail.com,2,Egypt,Aswan,Nile Corniche 79,92422,,,
Joseph_Allen@yahoo.com,2,Belgium,Antwerp,Meir 64,93648,,,
Richard_Parker@yahoo.com,2,Ecuador,Guayaquil,Malec?n 2000 78,92419,,,
John_Doe@gmail.com,2,Chile,Vi?a del Mar,Avenida San Mart?n 26,96006,,,
Jane.Doe@outlook.com,2,Turkey,Izmir,Kordonboyu Street 12,92299,,,
Michael_Smith@yahoo.com,3,Ireland,Limerick,O'Connell Street 16,97133,,,
Emily.Johnson@gmail.com,2,Cyprus,Nicosia,Makariou Avenue 36,94133,,,
David_Williams@outlook.com,2,Singapore,Singapore,Orchard Road 25,99835,,,
Samantha.Jones@yahoo.com,2,Jersey,Saint Helier,King Street 80,97711,,,
Christopher_Brown@gmail.com,2,Greece,Thessaloniki,Tsimiski Street 43,98899,,,
Rachel.Davis@outlook.com,2,Colombia,Barranquilla,Calle 54 67,93108,,,
James_Garcia@yahoo.com,2,Bahamas,West End,Roat?n 42,98979,,,
Olivia.Miller@gmail.com,2,Chile,Concepci?n,Calle Manuel Montt 35,96085,,,
Robert_Taylor@outlook.com,2,Jordan,Petra,Al-Khazneh 31,97161,,,
Abigail.Wilson@yahoo.com,2,Israel,Jerusalem,Jaffa Road 23,96598,,,
William_Moore@gmail.com,2,Vietnam,Hoi,An T?n 20,96969,,,
Elizabeth.Anderson@outlook.com,2,Qatar,Al Khor,Dukhan Highway 84,94719,,,
Joseph_Thomas@yahoo.com,3,Argentina,Buenos Aires,Avenida Corrientes 19,99043,,,
Sarah.Jackson@gmail.com,2,Belize,Dangriga,Stann Creek Valley Road 24,96902,,,
Charles_White@outlook.com,2,Morocco,Fez,Talaa Kebira 76,91814,,,
Madison.Harris@yahoo.com,2,Singapore,Singapore,Orchard Road 22,96964,,,
George_Martin@gmail.com,2,Belarus,Minsk,Independence Avenue 33,97221,,,
Emily.Thompson@outlook.com,2,Brazil,Curitiba,Rua XV de Novembro 12,94969,,,
Richard_Gonzalez@yahoo.com,3,Switzerland,Bern,Kramgasse 45,92784,,,
Abigail.Clark@gmail.com,2,Ireland,Waterford,Michael Street 88,97136,,,
David_Lewis@outlook.com,2,Bahamas,Marsh Harbour,Don MacKay Boulevard 83,95408,,,
Rachel.Robinson@yahoo.com,2,Jersey,St. Saviour,St. Saviour's Road 99,98416,,,
John_Walker@gmail.com,2,Venezuela,Maracaibo,Avenida Venezuela 81,94103,,,
Jane.Perez@outlook.com,2,Austria,Vienna,K?rntnerstra?e 12,97785,,,
Michael_Hall@yahoo.com,2,Jersey,St. Lawrence,St. Lawrence Gap 34,96242,,,
Emily.Young@gmail.com,2,Spain,Madrid,Gran Via 82,96146,,,
,,,,,,,,
,,,,,,,,
,,,,,,,,
,,,,,,,,
,,,,,,,,
,,,,,,,,
,,,,,,,,
,,,,,,,,
,,,,,,,,
,,,,,,,,
,,,,,,,,
,,,,,,,,
,,,,,,,,
,,,,,,,,
,,,,,,,,
,,,,,,,,
,,,,,,,,
